{
    "RNN_Pretrained=True": {
        "Accuracy": 0.3125,
        "F1-score": 0.15873015873015872
    },
    "RNN_Pretrained=False": {
        "Accuracy": 0.3125,
        "F1-score": 0.15873015873015872
    }
}